{H:020000          MIVS313871000007  MIVS20160810140807XMLccms.900.001.01     2016081013200143    2016081013200143    3D         }
<?xml version="1.0" encoding="UTF-8"?>
<Document xmlns="urn:cnaps:std:ccms:2010:tech:xsd:ccms.900.001.02" xmlns:xsi="http://www.w3.org/2001/XMLSchema-instance">
	<CmonConf>
		<GrpHdr>
			<MsgId>2010101002000007</MsgId>
			<CreDtTm>2010-10-10T09:30:47</CreDtTm>
			<InstgPty>
				<InstgDrctPty>0000</InstgDrctPty>
				<InstgPty>104100004370</InstgPty>
			</InstgPty>
			<InstdPty>
				<InstdDrctPty>308581000106</InstdDrctPty>
				<InstdPty>907100011301</InstdPty>
			</InstdPty>
			<SysCd>MIVS</SysCd>
			<Rmk>测试测试测试测试</Rmk>
		</GrpHdr>
		<OrgnlGrpHdr>
			<OrgnlMsgId>2010101000001260</OrgnlMsgId>
			<OrgnlInstgPty>308581000106</OrgnlInstgPty>
			<OrgnlMT>mivs.322.001.01.xml</OrgnlMT>
		</OrgnlGrpHdr>
		<CmonConfInf>
			<PrcSts>PR07</PrcSts>
		</CmonConfInf>
	</CmonConf>
</Document>
