{H:02313871000007  MIVS0000          MIVS20160810140807XMLmivs.348.001.01     2016081013200143    2016081013200143    3U         }
<?xml version="1.0" encoding="UTF-8"?>
<Document xmlns="urn:cnaps:std:mivs:2010:tech:xsd:mivs.348.001.01">
  <TxPmtVrfctnFdbk>
    <MsgHdr>
      <MsgId>2019021413200197</MsgId>
      <CreDtTm>2019-02-14T14:08:07</CreDtTm>
      <InstgPty>
        <InstgDrctPty>313871000007</InstgDrctPty>
        <InstgPty>313871000007</InstgPty>        
      </InstgPty>
      <InstdPty>
        <InstdDrctPty>0000</InstdDrctPty>
        <InstdPty>0000</InstdPty>
      </InstdPty>
    </MsgHdr>
    <Fdbk>
      <SysInd>CSAT</SysInd>
      <OrgnlVrfctn>
      	<OrgnlDlvrgMsgId>2019021413200196</OrgnlDlvrgMsgId>
      	<OrgnlRcvgMsgId>2019021413200196</OrgnlRcvgMsgId>
      	<OrgnlVrfctnInfo>
      		<CoNm>企业名称</CoNm>
      		<UniSocCdtCd>123456789123456789</UniSocCdtCd>
      		<Rslt>MCHD</Rslt>
      		<DataResrcDt>2019-03-20</DataResrcDt>
      		<TxpmtInf>
      			<TxAuthCd>111010101</TxAuthCd>
      			<TxAuthNm>北京市东城区国家税务局第一税务所</TxAuthNm>
      			<TxpyrSts>OPEN</TxpyrSts>
      		</TxpmtInf>
      		<TxpmtInf>
      			<TxAuthCd>111010501</TxAuthCd>
      			<TxAuthNm>北京市朝阳区国家税务局第一税务所</TxAuthNm>
      			<TxpyrSts>CNCL</TxpyrSts>
     		 	</TxpmtInf>
      	</OrgnlVrfctnInfo>
      </OrgnlVrfctn>
      <Cntt>反馈信息</Cntt>
      <ContactNm>张三</ContactNm>
      <ContactNb>8613812345678</ContactNb>
    </Fdbk>
  </TxPmtVrfctnFdbk>
</Document>