{H:02313871000007  MIVS0000          MIVS20160810140807XMLmivs.333.001.01     2016081013200143    2016081013200143    3U         }
<?xml version="1.0" encoding="UTF-8"?>
<Document xmlns="urn:cnaps:std:mivs:2010:tech:xsd:mivs.333.001.01">
	<FreeFrmtConf>
		<MsgHdr>
			<MsgId>2019021413200197</MsgId>
			<CreDtTm>2019-02-14T14:08:07</CreDtTm>
			<InstgPty>
				<InstgDrctPty>313871000007</InstgDrctPty>
				<InstgPty>313871000007</InstgPty>
			</InstgPty>
			<InstdPty>
				<InstdDrctPty>0000</InstdDrctPty>
				<InstdPty>0000</InstdPty>
			</InstdPty>
		</MsgHdr>
		<OrgnlMsg>
			<MsgId>2019021413200196</MsgId>
			<InstgPty>
				<InstgDrctPty>0000</InstgDrctPty>
				<InstgPty>00000001200197</InstgPty>
			</InstgPty>
		</OrgnlMsg>
		<FreeFrmtInf>
			<MsgCntt>本字段为附加信息</MsgCntt>
		</FreeFrmtInf>
	</FreeFrmtConf>
</Document>
