{H:02313871000007  MIVS0000          MIVS20160810140807XMLmivs.345.001.01     2016081013200143    2016081013200143    3U         }
<?xml version="1.0" encoding="UTF-8"?>
<Document xmlns="urn:cnaps:std:mivs:2010:tech:xsd:mivs.345.001.01">
  <GetSysSts>
  <MsgHdr>
    <MsgId>2019021413200197</MsgId>
    <CreDtTm>2019-02-14T14:08:07</CreDtTm>
    <InstgPty>
      <InstgDrctPty>313871000007</InstgDrctPty>
      <InstgPty>313871000007</InstgPty>
    </InstgPty>
    <InstdPty>
      <InstdDrctPty>0000</InstdDrctPty>
      <InstdPty>0000</InstdPty>
    </InstdPty>
  </MsgHdr>
  <QueInf>
    <SysInd>PHNB</SysInd>
    <QueDt>2019-02-28</QueDt>
  </QueInf>
  </GetSysSts>
</Document>