{H:020000          MIVS313871000007  MIVS20160810140807XMLmivs.323.001.01     2016081013200143    2016081013200143    3D         }
<?xml version="1.0" encoding="UTF-8"?>
<Document xmlns="urn:cnaps:std:mivs:2010:tech:xsd:mivs.323.001.01">
  <RtrTxPmtVrfctn>
  <MsgHdr>
    <MsgId>2019021413200197</MsgId>
    <CreDtTm>2019-02-14T14:08:07</CreDtTm>
    <InstgPty>
    	<InstgDrctPty>0000</InstgDrctPty>
    	<InstgPty>000000012001</InstgPty>
    </InstgPty>
  </MsgHdr>
  <OrgnlBizQry>
    <MsgId>3138710000072019021413200190</MsgId>
    <InstgPty>
      <InstgDrctPty>313871000007</InstgDrctPty>
      <InstgPty>313871000007</InstgPty>
    </InstgPty>
  </OrgnlBizQry>
  <Rspsn>
    <VrfctnInf>
      <Rslt>MCHD</Rslt>
      <DataResrcDt>2019-03-20</DataResrcDt>
      <TxpmtInf>
      	<TxAuthCd>111010101</TxAuthCd>
      	<TxAuthNm>北京市东城区国家税务局第一税务所</TxAuthNm>
      	<TxpyrSts>OPEN</TxpyrSts>
      </TxpmtInf>
      <TxpmtInf>
      	<TxAuthCd>111010501</TxAuthCd>
      	<TxAuthNm>北京市朝阳区国家税务局第一税务所</TxAuthNm>
      	<TxpyrSts>CNCL</TxpyrSts>
      </TxpmtInf>
    </VrfctnInf>
  </Rspsn>
  </RtrTxPmtVrfctn>
</Document>