{H:020000          MIVS313871000007  MIVS20160810140807XMLmivs.801.001.01     2016081013200143    2016081013200143    3D         }
<?xml version="1.0" encoding="UTF-8"?>
<Document xmlns="urn:cnaps:std:mivs:2010:tech:xsd:mivs.801.001.01">
  <SysStsNtfctn>
    <MsgHdr>
      <MsgId>2016081013200197</MsgId>
      <CreDtTm>2016-08-10T14:08:07</CreDtTm>
      <InstgPty>
        <InstgDrctPty>0000</InstgDrctPty>
        <InstgPty>00000001200197</InstgPty>
      </InstgPty>
      <InstdPty>
        <InstdDrctPty>313871000007</InstdDrctPty>
        <InstdPty>313871000007</InstdPty>
      </InstdPty>
    </MsgHdr>
		<SysStsInf>
			<CurSysDt>2019-02-28</CurSysDt>
			<NxtSysDt>2019-03-01</NxtSysDt>
			<SvcInf>
				<SysInd>MIIT</SysInd>
				<SvcInd>ENBL</SvcInd>
				<NxtSysOpTm>2019-03-01T08:30:00</NxtSysOpTm>
				<NxtSysClTm>2019-03-01T17:30:00</NxtSysClTm>
			</SvcInf>
			<SvcInf>
				<SysInd>CSAT</SysInd>
				<SvcInd>ENBL</SvcInd>
				<NxtSysOpTm>2019-03-01T08:30:00</NxtSysOpTm>
				<NxtSysClTm>2019-03-01T17:30:00</NxtSysClTm>
			</SvcInf>
		</SysStsInf>
  </SysStsNtfctn>
</Document>