{H:020000          MIVS313871000007  MIVS20160810140807XMLmivs.321.001.01     2016081013200143    2016081013200143    3D         }
<?xml version="1.0" encoding="UTF-8"?>
<Document xmlns="urn:cnaps:std:mivs:2010:tech:xsd:mivs.321.001.01">
  <RtrIdVrfctn>
  <MsgHdr>
    <MsgId>2019021413200197</MsgId>
    <CreDtTm>2019-02-14T14:08:07</CreDtTm>
    <InstgPty>
    	<InstgDrctPty>0000</InstgDrctPty>
    	<InstgPty>000000012001</InstgPty>
    </InstgPty>
  </MsgHdr>
  <OrgnlBizQry>
    <MsgId>3138710000072019021413200190</MsgId>
    <InstgPty>
      <InstgDrctPty>313871000007</InstgDrctPty>
      <InstgPty>313871000007</InstgPty>
    </InstgPty>
  </OrgnlBizQry>
  <Rspsn>
    <VrfctnInf>
      <MobNb>8618312345678</MobNb>
      <Rslt>MCHD</Rslt>
      <MobCrr>1000</MobCrr>
      <LocMobNb>010</LocMobNb>
      <LocNmMobNb>北京</LocNmMobNb>
      <CdTp>INDV</CdTp>
      <Sts>ENBL</Sts>
    </VrfctnInf>
  </Rspsn>
  </RtrIdVrfctn>
</Document>