{H:020000          MIVS313871000007  MIVS20160810140807XMLmivs.346.001.01     2016081013200143    2016081013200143    3D         }
<?xml version="1.0" encoding="UTF-8"?>
<Document xmlns="urn:cnaps:std:mivs:2010:tech:xsd:mivs.346.001.01">
  <RtrSysSts>
  <MsgHdr>
      <MsgId>2019021413200197</MsgId>
      <CreDtTm>2019-02-14T14:08:07</CreDtTm>
      <InstgPty>
    		<InstgDrctPty>0000</InstgDrctPty>
    		<InstgPty>00000001200197</InstgPty>
    	</InstgPty>
  </MsgHdr>
  <OrgnlQryInf>
    <MsgId>3138710000072019021413200190</MsgId>
    <InstgPty>
      <InstgDrctPty>313871000007</InstgDrctPty>
      <InstgPty>313871000007</InstgPty>
    </InstgPty>
  </OrgnlQryInf>
  <RplyInf>
    <OrgnlQueDt>2019-03-01</OrgnlQueDt>
    <ProcSts>PR07</ProcSts>
    <SvcInf>
    	<SysInd>MIIT</SysInd>
    	<SvcInd>ENBL</SvcInd>
    	<SysOpTm>2019-03-01T08:30:00</SysOpTm>
    	<SysClTm>2019-03-01T17:30:00</SysClTm>
    </SvcInf>  
  </RplyInf>
  </RtrSysSts>
</Document>