{H:020000          MIVS313871000007  MIVS20160810140807XMLmivs.325.001.01     2016081013200143    2016081013200143    3D         }
<?xml version="1.0" encoding="UTF-8"?>
<Document xmlns="urn:cnaps:std:mivs:2010:tech:xsd:mivs.325.001.01">
	<RtrRegVrfctn>
		<MsgHdr>
    <MsgId>2019021413200197</MsgId>
    <CreDtTm>2019-02-14T14:08:07</CreDtTm>
    <InstgPty>
    	<InstgDrctPty>0000</InstgDrctPty>
    	<InstgPty>000000012001</InstgPty>
    </InstgPty>
		</MsgHdr>
		<MsgPgntn>
    		<PgNb>1</PgNb>
   		 <LastPgInd>true</LastPgInd>
		</MsgPgntn>
		<OrgnlBizQry>
			<MsgId>2019021413200197</MsgId>
			<InstgPty>
				<InstgDrctPty>313871000007</InstgDrctPty>
				<InstgPty>313871000007</InstgPty>
			</InstgPty>
		</OrgnlBizQry>
		<Rspsn>
			<VrfctnInf>
				<Rslt>MCHD</Rslt>
				<DataResrcDt>2019-02-14</DataResrcDt>
				<RegInf>
					<BasInfOfEnt>
						<EntNm>企业名称</EntNm>
						<UniSocCdtCd>123456789012345678</UniSocCdtCd>
						<CoTp>一二三四五</CoTp>
						<Dom>北京市海淀区</Dom>
						<RegCptl Ccy="CNY">10000000.23</RegCptl>
						<DtEst>2015-01-01</DtEst>
						<OpPrdFrom>2015-01-01</OpPrdFrom>
						<OpPrdTo>2022-01-01</OpPrdTo>
						<RegSts>XXX</RegSts>
						<NmOfLglPrsn>张三</NmOfLglPrsn>
						<RegAuth>登记机关</RegAuth>
						<BizScp>经营范围</BizScp>
						<DtAppr>2019-06-01</DtAppr>
					</BasInfOfEnt>
					<CoShrhdrFndInfo>
						<NatlPrsnFlag>NATL</NatlPrsnFlag>
						<InvtrNm>李四</InvtrNm>
						<InvtrId>610123199002140010</InvtrId>
						<SubscrCptlConAmt Ccy="CNY">88800.23</SubscrCptlConAmt>
						<ActlCptlConAmt Ccy="CNY">88800.23</ActlCptlConAmt>
						<SubscrCptlConFm>一二三四五</SubscrCptlConFm>
						<SubscrCptlConDt>2019-02-01</SubscrCptlConDt>
					</CoShrhdrFndInfo>
					<CoShrhdrFndInfo>
						<NatlPrsnFlag>UNTL</NatlPrsnFlag>
						<InvtrNm>李四</InvtrNm>
						<InvtrId>610123199002140010</InvtrId>
						<SubscrCptlConAmt Ccy="CNY">88800.23</SubscrCptlConAmt>
						<ActlCptlConAmt Ccy="CNY">88800.23</ActlCptlConAmt>
						<SubscrCptlConFm>一二三四五</SubscrCptlConFm>
						<SubscrCptlConDt>2019-02-01</SubscrCptlConDt>
					</CoShrhdrFndInfo>
					<DirSupSrMgrInfo>
						<Nm>王五</Nm>
						<Posn>董事长</Posn>
					</DirSupSrMgrInfo>
					<DirSupSrMgrInfo>
						<Nm>王五</Nm>
						<Posn>董事长</Posn>
					</DirSupSrMgrInfo>
					<DirSupSrMgrInfo>
						<Nm>王五</Nm>
						<Posn>董事长</Posn>
					</DirSupSrMgrInfo>
					<ChngInfo>
						<ChngItm>企业名称</ChngItm>
						<BfChng>企业1</BfChng>
						<AftChng>企业2</AftChng>
						<DtOfChng>2019-05-29</DtOfChng>
					</ChngInfo>
					<ChngInfo>
						<ChngItm>企业名称</ChngItm>
						<BfChng>企业1</BfChng>
						<AftChng>企业2</AftChng>
						<DtOfChng>2019-05-29</DtOfChng>
					</ChngInfo>
					<AbnmlBizInfo>
						<AbnmlCause>异常经营</AbnmlCause>
						<AbnmlDate>2019-05-29</AbnmlDate>
						<AbnmlCauseDcsnAuth>异常经营</AbnmlCauseDcsnAuth>
						<RmvCause>恢复正常</RmvCause>
						<RmvDate>2019-05-29</RmvDate>
						<RmvCauseDcsnAuth>列出机关</RmvCauseDcsnAuth>
					</AbnmlBizInfo>
					<IllDscrtInfo>
						<IllDscrtCause>违法失信</IllDscrtCause>
						<AbnmlDate>2019-04-29</AbnmlDate>
						<AbnmlCauseDcsnAuth>列入机关</AbnmlCauseDcsnAuth>
						<RmvCause>信用恢复</RmvCause>
						<RmvCauseDcsnAuth>列出机关</RmvCauseDcsnAuth>
						<RmvDate>2019-05-29</RmvDate>
					</IllDscrtInfo>
					<LicNull>
						<OrgnlOrCp>ORGN</OrgnlOrCp>
						<LicNullStmCntt>初领</LicNullStmCntt>
						<LicNullStmDt>2019-05-29</LicNullStmDt>
						<RplSts>NULL</RplSts>
					</LicNull>
				</RegInf>
			</VrfctnInf>
		</Rspsn>
	</RtrRegVrfctn>
</Document>