{H:02313871000007  MIVS0000          MIVS20160810140807XMLmivs.347.001.01     2016081013200143    2016081013200143    3U         }
<?xml version="1.0" encoding="UTF-8"?>
<Document xmlns="urn:cnaps:std:mivs:2010:tech:xsd:mivs.347.001.01">
  <IdVrfctnFdbk>
    <MsgHdr>
      <MsgId>2019021413200197</MsgId>
      <CreDtTm>2019-02-14T14:08:07</CreDtTm>
      <InstgPty>
        <InstgDrctPty>313871000007</InstgDrctPty>
        <InstgPty>313871000007</InstgPty>        
      </InstgPty>
      <InstdPty>
        <InstdDrctPty>0000</InstdDrctPty>
        <InstdPty>0000</InstdPty>
      </InstdPty>
    </MsgHdr>
    <Fdbk>
      <SysInd>MIIT</SysInd>
      <OrgnlVrfctn>
      	<OrgnlDlvrgMsgId>2019021413200196</OrgnlDlvrgMsgId>
      	<OrgnlRcvgMsgId>2019021413200196</OrgnlRcvgMsgId>
      	<OrgnlVrfctnInfo>
      		<MobNb>1234567890123</MobNb>
      		<Nm>李明</Nm>
      		<IdTp>IC00</IdTp>
      		<Id>123456789123456789</Id>
      		<UniSocCdtCd>123456789123456789</UniSocCdtCd>
      		<Rslt>WIDT</Rslt>
      	</OrgnlVrfctnInfo>
      </OrgnlVrfctn>
      <Cntt>反馈信息</Cntt>
      <ContactNm>张三</ContactNm>
      <ContactNb>8613812345678</ContactNb>
    </Fdbk>
  </IdVrfctnFdbk>
</Document>