{H:020000          MIVS313871000007  MIVS20160810140807XMLmivs.330.001.01     2016081013200143    2016081013200143    3D         }
<?xml version="1.0" encoding="UTF-8"?>
<Document xmlns="urn:cnaps:std:mivs:2010:tech:xsd:mivs.330.001.01">
	<AbnmlAgtInfoVrfctnInfNtfctn>
		<MsgHdr>
			<MsgId>2019021413200197</MsgId>
			<CreDtTm>2019-02-14T14:08:07</CreDtTm>
			<InstgPty>
				<InstgDrctPty>0000</InstgDrctPty>
				<InstgPty>0000</InstgPty>
			</InstgPty>
			<InstdPty>
				<InstdDrctPty>313871000007</InstdDrctPty>
				<InstdPty>313871000007</InstdPty>
			</InstdPty>
		</MsgHdr>
		<AbnmlVrfctnInf>
			<OrgnlInstgPty>313871000007</OrgnlInstgPty>
			<AbnmlType>CSAT</AbnmlType>
			<DESC>本字段为异常内容说明</DESC>
		</AbnmlVrfctnInf>
	</AbnmlAgtInfoVrfctnInfNtfctn>
</Document>
