{H:02313871000007  MIVS0000          MIVS20160810140807XMLmivs.320.001.01     2016081013200143    2016081013200143    3U         }
<?xml version="1.0" encoding="UTF-8"?>
<Document xmlns="urn:cnaps:std:mivs:2010:tech:xsd:mivs.320.001.01">
  <GetIdVrfctn>
    <MsgHdr>
      <MsgId>2019021413200197</MsgId>
      <CreDtTm>2019-02-14T14:08:07</CreDtTm>
      <InstgPty>
        <InstgDrctPty>313871000007</InstgDrctPty>
        <DrctPtyNm>宁夏银行</DrctPtyNm>
        <InstgPty>313871000007</InstgPty>
        <PtyNm>宁夏银行</PtyNm>        
      </InstgPty>
      <InstdPty>
        <InstdDrctPty>0000</InstdDrctPty>
        <InstdPty>0000</InstdPty>
      </InstdPty>
    </MsgHdr>
    <VryDef>
      <MobNb>8618312345678</MobNb>
      <Nm>李明</Nm>
      <IdTp>IC00</IdTp>
      <Id>610123199002140010</Id>
      <UniSocCdtCd>123456789012345678</UniSocCdtCd>
      <OpNm>张三</OpNm>
    </VryDef>
  </GetIdVrfctn>
</Document>