{H:02313871000007  MIVS0000          MIVS20160810140807XMLmivs.903.001.02     2016081013200143    2016081013200143    3U         }
<?xml version="1.0" encoding="UTF-8"?>
<Document xmlns="urn:cnaps:std:mivs:2010:tech:xsd:mivs.903.001.02" xmlns:xsi="http://www.w3.org/2001/XMLSchema-instance">
	<CertNtfctn>
		<GrpHdr>
			<MsgId>2010101002000008</MsgId>
			<CreDtTm>2010-10-10T09:30:47</CreDtTm>
			<InstgPty>
				<InstgDrctPty>308581000106</InstgDrctPty>
				<InstgPty>104100004370</InstgPty>
			</InstgPty>
			<InstdPty>
				<InstdDrctPty>0000</InstdDrctPty>
				<InstdPty>0000</InstdPty>
			</InstdPty>
		</GrpHdr>
		<CertNtfctnInf>
			<ChgTp>CC00</ChgTp>
		</CertNtfctnInf>
	</CertNtfctn>
</Document>
